en,es,pos,level,example
absolutely,absolutamente,adv,B1.1,It is absolutely true.
accept,aceptar,verb,B1.1,Please accept my apology.
accident,accidente,noun,B1.1,He had an accident on the road.
actually,en realidad,adv,B1.1,Actually I don't like coffee.
address,dirección,noun,B1.1,What is your email address?
admit,admitir,verb,B1.1,He admitted his mistake.
adult,adulto,noun,B1.1,Tickets cost five euros for an adult.
advertisement,anuncio,noun,B1.1,I saw an advertisement online.
afraid,asustado,adj,B1.1,I'm afraid of spiders.
against,contra,prep,B1.1,I'm against this idea.
agent,agente,noun,B1.1,A travel agent booked our trip.
ahead,adelante,adv,B1.1,Go straight ahead.
alone,solo,adj,B1.1,She lives alone.
already,ya,adv,B1.1,I have already eaten.
alternative,alternativa,noun,B1.1,Is there an alternative?
amazing,asombroso,adj,B1.1,The view was amazing.
ancient,antiguo,adj,B1.1,We visited ancient ruins.
angry,enfadado,adj,B1.1,He got angry very quickly.
announce,anunciar,verb,B1.1,They announced the winner.
annoying,molesto,adj,B1.1,That noise is annoying.
apologise,disculparse,verb,B1.1,I apologise for being late.
appear,aparecer,verb,B1.1,A message appeared on the screen.
application,solicitud / aplicación,noun,B1.1,I sent my application yesterday.
apply,solicitar,verb,B1.1,She applied for a new job.
appreciate,agradecer,verb,B1.1,I really appreciate your help.
area,zona,noun,B1.1,This is a quiet area.
arrive,llegar,verb,B1.1,The train arrives at six.
article,artículo,noun,B1.1,I read an interesting article.
artist,artista,noun,B1.1,My sister is an artist.
ask,preguntar / pedir,verb,B1.1,Ask him for directions.
asleep,dormido,adj,B1.1,The baby is asleep.
atmosphere,ambiente,noun,B1.1,The café has a nice atmosphere.
attack,ataque,noun,B1.1,There was an attack on the server.
attention,atención,noun,B1.1,Pay attention to the teacher.
audience,público,noun,B1.1,The audience clapped loudly.
average,promedio,noun,B1.1,The average age is thirty.
awful,horrible,adj,B1.1,The weather was awful.
bad,malo,adj,B1.1,That was a bad idea.
bake,hornear,verb,B1.1,I like to bake bread.
balance,equilibrio / saldo,noun,B1.1,Check your account balance.
bank,banco,noun,B1.1,The bank opens at nine.
bare,desnudo,adj,B1.1,The room was bare.
base,base,noun,B1.1,The team has its base in Madrid.
battery,batería,noun,B1.1,My phone battery is low.
beach,playa,noun,B1.1,We walked along the beach.
beat,vencer / latido,verb,B1.1,Our team beat them.
beautiful,hermoso,adj,B1.1,What a beautiful day.
behave,comportarse,verb,B1.1,Please behave yourself.
belief,creencia,noun,B1.1,It is my personal belief.
belong,pertenecer,verb,B1.1,This book belongs to me.
bend,doblar,verb,B1.1,Bend your knees.
besides,además,adv,B1.1,Besides it is too expensive.
bill,factura,noun,B1.1,Can we have the bill please?
bite,morder,verb,B1.1,The dog might bite.
blame,culpar,verb,B1.1,Don't blame me.
blank,en blanco,adj,B1.1,Leave the page blank.
board,tablero / embarcar,noun,B1.1,Write it on the board.
boil,hervir,verb,B1.1,Boil the water first.
bore,aburrir,verb,B1.1,Long meetings bore me.
boring,aburrido,adj,B1.1,The film was boring.
boss,jefe,noun,B1.1,My boss is very kind.
bottom,fondo / parte inferior,noun,B1.1,Look at the bottom of the page.
brave,valiente,adj,B1.1,The firefighter was brave.
break,romper / descanso,verb,B1.1,Take a break.
breathe,respirar,verb,B1.1,Breathe slowly.
bridge,puente,noun,B1.1,We crossed the old bridge.
brilliant,brillante,adj,B1.1,That's a brilliant idea.
broken,roto,adj,B1.1,My screen is broken.
build,construir,verb,B1.1,They build websites.
burn,quemar,verb,B1.1,Be careful not to burn it.
business,negocio,noun,B1.1,She runs a small business.
busy,ocupado,adj,B1.1,I'm busy right now.
button,botón,noun,B1.1,Press the green button.
cable,cable,noun,B1.1,I need a charging cable.
calm,tranquilo,adj,B1.1,Stay calm.
camera,cámara,noun,B1.1,The camera is new.
camp,acampar,verb,B1.1,We camp every summer.
capital,capital,noun,B1.1,Madrid is the capital of Spain.
captain,capitán,noun,B1.1,The captain spoke to the crew.
care,cuidado,noun,B1.1,Handle with care.
careful,cuidadoso,adj,B1.1,Be careful on the stairs.
carry,llevar / cargar,verb,B1.1,Can you carry this bag?
case,caso,noun,B1.1,In that case let's wait.
cause,causa,noun,B1.1,What was the cause of the fire?
celebrate,celebrar,verb,B1.1,We celebrate her birthday.
century,siglo,noun,B1.1,This is a twentieth century house.
certain,seguro / cierto,adj,B1.1,I'm certain about it.
chance,oportunidad / azar,noun,B1.1,Give me another chance.
change,cambiar,verb,B1.1,People change over time.
charge,cobrar / cargar,verb,B1.1,Charge your phone tonight.
cheap,barato,adj,B1.1,It was surprisingly cheap.
check,comprobar,verb,B1.1,Check your email.
choice,elección,noun,B1.1,You have a choice.
choose,elegir,verb,B1.1,Choose a colour.
church,iglesia,noun,B1.1,The church is very old.
citizen,ciudadano,noun,B1.1,He became a citizen last year.
clean,limpio / limpiar,adj,B1.1,Keep the room clean.
clear,claro,adj,B1.1,Please speak clearly.
climb,escalar,verb,B1.1,We climbed the mountain.
close,cerrar / cerca,verb,B1.1,Close the door please.
clothes,ropa,noun,B1.1,She bought new clothes.
cloud,nube,noun,B1.1,There isn't a cloud in the sky.
coast,costa,noun,B1.1,They live on the coast.
collect,coleccionar / recoger,verb,B1.1,He collects old coins.
college,universidad,noun,B1.1,She goes to college.
comfortable,cómodo,adj,B1.1,This chair is comfortable.
common,común,adj,B1.1,That is a common mistake.
communicate,comunicarse,verb,B1.1,We communicate by email.
company,empresa,noun,B1.1,He works for a big company.
competition,competencia,noun,B1.1,She won the competition.
complete,completo / completar,adj,B1.1,Complete the form.
complicated,complicado,adj,B1.1,It's a complicated story.
concentrate,concentrarse,verb,B1.1,I can't concentrate today.
condition,condición,noun,B1.1,The car is in good condition.
connect,conectar,verb,B1.1,Connect to the wifi.
control,control,noun,B1.1,I lost control of the game.
convenient,conveniente,adj,B1.1,The location is convenient.
conversation,conversación,noun,B1.1,We had a long conversation.
cook,cocinar,verb,B1.1,I cook dinner every night.
cost,costar,verb,B1.1,How much does it cost?
country,país,noun,B1.1,Which country are you from?
courage,valor,noun,B1.1,It took courage to speak.
course,curso,noun,B1.1,I'm taking an English course.
cover,cubrir / portada,verb,B1.1,Cover the pot.
crazy,loco,adj,B1.1,That sounds crazy.
create,crear,verb,B1.1,They created a new app.
credit,crédito,noun,B1.1,I paid by credit card.
crime,crimen,noun,B1.1,Crime is falling in the city.
crowd,multitud,noun,B1.1,A crowd gathered outside.
culture,cultura,noun,B1.1,I love learning about other cultures.
cure,curar,verb,B1.1,There is no cure yet.
curious,curioso,adj,B1.1,I'm curious about the result.
customs,aduana / costumbres,noun,B1.1,We passed through customs.
damage,daño,noun,B1.1,The storm caused damage.
danger,peligro,noun,B1.1,The bridge is in danger.
dangerous,peligroso,adj,B1.1,This road is dangerous.
dark,oscuro,adj,B1.1,It gets dark early in winter.
data,datos,noun,B1.1,We store the data online.
date,fecha / cita,noun,B1.1,What's today's date?
deal,trato,noun,B1.1,It's a good deal.
death,muerte,noun,B1.1,The news of his death was sad.
debt,deuda,noun,B1.1,He paid off his debt.
decision,decisión,noun,B1.1,It was a difficult decision.
deep,profundo,adj,B1.1,The lake is very deep.
degree,título / grado,noun,B1.1,She has a degree in law.
delicious,delicioso,adj,B1.1,The soup was delicious.
depressed,deprimido,adj,B1.1,He felt depressed after the news.
design,diseño,noun,B1.1,I like the design of this app.
destroy,destruir,verb,B1.1,The fire destroyed the house.
detail,detalle,noun,B1.1,Please give me more details.
diet,dieta,noun,B1.1,She follows a healthy diet.
difference,diferencia,noun,B1.1,What's the difference?
difficult,difícil,adj,B1.1,English can be difficult.
direction,dirección,noun,B1.1,Which direction is the station?
dirty,sucio,adj,B1.1,Your shoes are dirty.
disagree,no estar de acuerdo,verb,B1.1,I disagree with him.
disaster,desastre,noun,B1.1,The flood was a disaster.
discuss,debatir,verb,B1.1,Let's discuss the plan.
disease,enfermedad,noun,B1.1,It's a rare disease.
distance,distancia,noun,B1.1,It's a short distance from here.
divide,dividir,verb,B1.1,Divide the cake in two.
document,documento,noun,B1.1,Please sign the document.
double,doble,adj,B1.1,I'd like a double room.
doubt,duda,noun,B1.1,I have no doubt.
downstairs,abajo / planta baja,adv,B1.1,He went downstairs.
draw,dibujar,verb,B1.1,She likes to draw animals.
dream,sueño / soñar,noun,B1.1,I had a strange dream.
dress,vestido / vestirse,noun,B1.1,She wore a red dress.
drive,conducir,verb,B1.1,I drive to work.
drop,dejar caer / gota,verb,B1.1,Don't drop the glass.
during,durante,prep,B1.1,I slept during the film.
duty,deber,noun,B1.1,It's my duty to help.
earn,ganar (dinero),verb,B1.1,She earns a good salary.
earth,tierra,noun,B1.1,The Earth is round.
easy,fácil,adj,B1.1,This exercise is easy.
economy,economía,noun,B1.1,The economy is growing.
edge,borde,noun,B1.1,Stay away from the edge.
education,educación,noun,B1.1,Education is important.
either,tampoco / cualquiera,adv,B1.1,I don't like it either.
electric,eléctrico,adj,B1.1,He drives an electric car.
emergency,emergencia,noun,B1.1,Call this number in an emergency.
emotion,emoción,noun,B1.1,She couldn't hide her emotion.
employ,emplear,verb,B1.1,The company employs fifty people.
empty,vacío,adj,B1.1,The bottle is empty.
end,fin / terminar,noun,B1.1,The end of the story.
enemy,enemigo,noun,B1.1,He made a powerful enemy.
energy,energía,noun,B1.1,I have no energy today.
engine,motor,noun,B1.1,The engine is loud.
enjoy,disfrutar,verb,B1.1,I enjoy reading.
entertain,entretener,verb,B1.1,The show entertained everyone.
enthusiastic,entusiasta,adj,B1.1,She is enthusiastic about music.
entire,entero,adj,B1.1,I read the entire book.
entrance,entrada,noun,B1.1,Meet me at the entrance.
equal,igual,adj,B1.1,All people are equal.
equipment,equipo,noun,B1.1,We need new equipment.
error,error,noun,B1.1,The program shows an error.
escape,escapar,verb,B1.1,The prisoner escaped.
especially,especialmente,adv,B1.1,I like fruit especially apples.
essential,esencial,adj,B1.1,Water is essential.
even,incluso,adv,B1.1,Even children can do it.
evidence,prueba,noun,B1.1,There is no evidence.
exact,exacto,adj,B1.1,What is the exact time?
examine,examinar,verb,B1.1,The doctor examined him.
example,ejemplo,noun,B1.1,Give me an example.
excellent,excelente,adj,B1.1,Your work is excellent.
except,excepto,prep,B1.1,Everyone came except Tom.
exchange,intercambio,noun,B1.1,I did a language exchange.
excited,emocionado,adj,B1.1,I'm excited about the trip.
exercise,ejercicio,noun,B1.1,Exercise is good for you.
exist,existir,verb,B1.1,Does life exist on Mars?
expensive,caro,adj,B1.1,That watch is expensive.
explain,explicar,verb,B1.1,Can you explain this word?
express,expresar,verb,B1.1,It's hard to express my feelings.
extra,extra,adj,B1.1,I need an extra day.
extremely,extremadamente,adv,B1.1,It was extremely cold.
fact,hecho,noun,B1.1,That is a fact.
factory,fábrica,noun,B1.1,He works in a factory.
familiar,familiar / conocido,adj,B1.1,This song sounds familiar.
famous,famoso,adj,B1.1,She is a famous singer.
fashion,moda,noun,B1.1,He works in fashion.
fast,rápido,adj,B1.1,The internet is fast here.
fault,culpa,noun,B1.1,It's my fault.
fear,miedo,noun,B1.1,Fear stops many people.
feature,característica,noun,B1.1,The app has a new feature.
feed,alimentar,verb,B1.1,Feed the cat please.
feeling,sentimiento,noun,B1.1,I have a good feeling.
female,mujer / femenino,adj,B1.1,The teacher is female.
fill,llenar,verb,B1.1,Fill in the form.
final,final,adj,B1.1,This is the final version.
finally,finalmente,adv,B1.1,Finally we arrived.
find,encontrar,verb,B1.1,I can't find my keys.
fine,bien / multa,adj,B1.1,I'm fine thanks.
finish,terminar,verb,B1.1,Finish your homework.
fire,fuego,noun,B1.1,Call the fire brigade.
firm,firme / empresa,adj,B1.1,He has a firm handshake.
fit,quedar bien / en forma,verb,B1.1,These shoes fit me.
fix,arreglar,verb,B1.1,Can you fix my laptop?
flat,plano / piso,adj,B1.1,I live in a small flat.
flight,vuelo,noun,B1.1,Our flight was delayed.
float,flotar,verb,B1.1,The boat floats.
flood,inundación,noun,B1.1,The flood destroyed the road.
floor,suelo / piso,noun,B1.1,I live on the third floor.
flow,fluir,verb,B1.1,The river flows to the sea.
fold,doblar,verb,B1.1,Fold the paper in half.
follow,seguir,verb,B1.1,Follow me please.
foreign,extranjero,adj,B1.1,She speaks three foreign languages.
forest,bosque,noun,B1.1,We walked in the forest.
form,formulario,noun,B1.1,Fill out this form.
former,anterior,adj,B1.1,He is my former boss.
forward,hacia adelante,adv,B1.1,I look forward to it.
frighten,asustar,verb,B1.1,Loud noises frighten him.
fun,diversión,noun,B1.1,We had a lot of fun.
funny,gracioso,adj,B1.1,That joke is funny.
furniture,muebles,noun,B1.1,We bought new furniture.
future,futuro,noun,B1.1,What are your plans for the future?
gain,ganar / obtener,verb,B1.1,You gain experience with time.
garden,jardín,noun,B1.1,They have a big garden.
gather,reunir,verb,B1.1,People gathered in the square.
general,general,adj,B1.1,That is a general rule.
generous,generoso,adj,B1.1,He is very generous.
gentle,amable / suave,adj,B1.1,Be gentle with the baby.
gift,regalo,noun,B1.1,Thank you for the gift.
goal,meta,noun,B1.1,My goal is to speak fluently.
government,gobierno,noun,B1.1,The government announced new rules.
grade,nota,noun,B1.1,She got a good grade.
grow,crecer,verb,B1.1,Plants grow in spring.
guess,adivinar,verb,B1.1,Guess what happened.
guest,invitado,noun,B1.1,We have guests tonight.
guide,guía,noun,B1.1,The guide showed us the museum.
habit,hábito,noun,B1.1,Reading is a good habit.
half,mitad,noun,B1.1,I ate half the pizza.
hang,colgar,verb,B1.1,Hang your coat there.
happen,ocurrir,verb,B1.1,What happened?
hard,duro / difícil,adj,B1.1,This exercise is hard.
harm,daño,noun,B1.1,Smoking causes harm.
hate,odiar,verb,B1.1,I hate waiting.
health,salud,noun,B1.1,Health is more important than money.
heat,calor,noun,B1.1,I can't stand the heat.
heavy,pesado,adj,B1.1,This box is heavy.
height,altura,noun,B1.1,What is your height?
hide,esconder,verb,B1.1,He hid the keys.
hire,contratar,verb,B1.1,They hired a new developer.
history,historia,noun,B1.1,I like history.
hobby,pasatiempo,noun,B1.1,My hobby is photography.
hole,agujero,noun,B1.1,There's a hole in my sock.
holiday,vacaciones,noun,B1.1,We're on holiday next week.
honest,honesto,adj,B1.1,Be honest with me.
hope,esperar / esperanza,verb,B1.1,I hope you feel better.
huge,enorme,adj,B1.1,It's a huge building.
human,humano,noun,B1.1,Humans need water.
hungry,hambriento,adj,B1.1,I'm very hungry.
hurry,darse prisa,verb,B1.1,Hurry up or we'll be late.
hurt,doler / herir,verb,B1.1,My back hurts.
